{
	"songName": "PAPERMOON - Tommy heavenly6 [Auto-generated][ShrikeG]",
	"songSubName": "PAPERMOON",
	"description": "Generated using https://github.com/ShrikeGames/bsaber_generator",
	"authorName": "Shrike",
	"beatsPerMinute": 164,
	"beatsPerBar": 15.0,
	"noteJumpSpeed": 15.0,
	"shuffle": 1.0,
	"shufflePeriod": 0.1,
	"previewStartTime": 0,
	"duration_seconds": 262.504489796,
	"previewDuration": 15,
	"coverImagePath": "cover.jpg",
	"environmentName": "DefaultEnvironment",
	"songTimeOffset":0,
	"oneSaber": false,
	"difficultyLevels": [
		{
			"difficulty": "ExpertPlus",
			"difficultyRank": 5,
			"audioPath": "song.ogg",
			"jsonPath": "ExpertPlus.json",
			"offset": 0,
			"oldOffset": 0,
			"chromaToggle": "Off"
		}
	]
}
